{"cameraMode":{"drawMode":0,"name":"Shaded","section":"Shading Mode"},"sceneLighting":true,"audioPlay":false,"sceneViewState":{"m_AlwaysRefresh":false,"showFog":true,"showSkybox":true,"showFlares":true,"showImageEffects":true,"showParticleSystems":true,"showVisualEffectGraphs":true,"m_FxEnabled":true},"in2DMode":false,"pivot":{"x":0.003809213638305664,"y":1.6785643100738526,"z":0.017293691635131837},"rotation":{"x":-0.007208840921521187,"y":-0.9924268126487732,"z":0.07188697159290314,"w":-0.09945368766784668},"size":2.3941071033477785,"orthographic":false}