{"cameraMode":{"drawMode":0,"name":"Shaded","section":"Shading Mode"},"sceneLighting":true,"audioPlay":false,"sceneViewState":{"m_AlwaysRefresh":false,"showFog":true,"showSkybox":true,"showFlares":true,"showImageEffects":true,"showParticleSystems":true,"showVisualEffectGraphs":true,"m_FxEnabled":true},"in2DMode":false,"pivot":{"x":11.694890975952149,"y":5.806960582733154,"z":14.00438117980957},"rotation":{"x":0.14684782922267915,"y":-0.11155126988887787,"z":-0.015687689185142518,"w":-0.9829636216163635},"size":0.13294878602027894,"orthographic":false}